{"time":1613429944121,"duration":374729256998,"metrics":{"general":{"npmsFinal":{"max":0.9777955510134893,"min":0.41383332479151946,"avg":0.8054657136250131,"total":43,"percentiles":{"25":0.7208564244583773,"50":0.8230391879146407,"75":0.9051090146452682,"90":0.9308345961383333,"95":0.9421425844607566,"99":0.9777955510134893}},"npmsQuality":{"max":0.9997829744952641,"min":0.1989849939146585,"avg":0.8622924812384953,"total":43,"percentiles":{"25":0.8281908034185881,"50":0.8944135914991744,"75":0.9645951512134181,"90":0.9866204811940875,"95":0.9978075602424029,"99":0.9997829744952641}},"npmsMaintenance":{"max":0.9999410146278274,"min":0.1770522412816407,"avg":0.7153269864276329,"total":43,"percentiles":{"25":0.5215072840014087,"50":0.6666666666666666,"75":0.9725995728485599,"90":0.9995809120865672,"95":0.999894531306083,"99":0.9999410146278274}},"npmsPopularity":{"max":0.9803205121337025,"min":0.5768551954766697,"avg":0.8468957828679798,"total":43,"percentiles":{"25":0.7972992963525481,"50":0.849929417381236,"75":0.9184056288687863,"90":0.9444812476161523,"95":0.9521477923656676,"99":0.9803205121337025}},"qualscan":{"max":89,"min":0,"avg":46.69767441860465,"total":43,"percentiles":{"25":33,"50":44,"75":67,"90":67,"95":67,"99":89}}},"Security audit":{"critical":{"max":6,"min":0,"avg":0.4186046511627907,"total":43,"percentiles":{"25":0,"50":0,"75":0,"90":1,"95":2,"99":6}},"high":{"max":245,"min":0,"avg":11.30232558139535,"total":43,"percentiles":{"25":0,"50":0,"75":2,"90":25,"95":57,"99":245}}},"Dependencies updates":{"major":{"max":5,"min":0,"avg":0.5116279069767442,"total":43,"percentiles":{"25":0,"50":0,"75":0,"90":2,"95":3,"99":5}},"minor":{"max":4,"min":0,"avg":0.23255813953488372,"total":43,"percentiles":{"25":0,"50":0,"75":0,"90":1,"95":2,"99":4}},"patch":{"max":1,"min":0,"avg":0.16279069767441862,"total":43,"percentiles":{"25":0,"50":0,"75":0,"90":1,"95":1,"99":1}}},"Exact version of dependencies":{"dependencies":{"max":36,"min":0,"avg":1.069767441860465,"total":43,"percentiles":{"25":0,"50":0,"75":0,"90":0,"95":4,"99":36}}},"Project's size":{"size":{"max":10297658,"min":0,"avg":377896.6976744186,"total":43,"percentiles":{"25":12873,"50":27983,"75":111381,"90":702248,"95":843850,"99":10297658}},"unpackedSize":{"max":59030580,"min":0,"avg":2054707.9767441861,"total":43,"percentiles":{"25":49918,"50":123336,"75":464112,"90":3117052,"95":4399966,"99":59030580}},"entryCount":{"max":713,"min":0,"avg":96.3953488372093,"total":43,"percentiles":{"25":7,"50":17,"75":66,"90":376,"95":535,"99":713}}},"Dependencies check":{"missing":{"max":192,"min":0,"avg":11.395348837209303,"total":43,"percentiles":{"25":0,"50":0,"75":4,"90":13,"95":41,"99":192}},"dependencies":{"max":2,"min":0,"avg":0.20930232558139536,"total":43,"percentiles":{"25":0,"50":0,"75":0,"90":1,"95":2,"99":2}},"devDependencies":{"max":28,"min":0,"avg":6.1395348837209305,"total":43,"percentiles":{"25":0,"50":1,"75":12,"90":20,"95":24,"99":28}}},"Dependencies size":{"weight":{"max":662777374,"min":0,"avg":119713072.62790698,"total":43,"percentiles":{"25":25677561,"50":88480720,"75":180687755,"90":235021736,"95":288025223,"99":662777374}},"dependencies":{"max":703,"min":0,"avg":26.790697674418606,"total":43,"percentiles":{"25":0,"50":1,"75":11,"90":46,"95":73,"99":703}},"directDependencies":{"max":37,"min":0,"avg":4.395348837209302,"total":43,"percentiles":{"25":0,"50":1,"75":4,"90":13,"95":23,"99":37}}},"Require time":{"entrypointTime":{"max":248903644,"min":0,"avg":37458744.88372093,"total":43,"percentiles":{"25":1720692,"50":8345500,"75":35511361,"90":156802623,"95":204039333,"99":248903644}}},"Code duplication":{"percentageTokens":{"max":85.52,"min":0,"avg":14.18238095238095,"total":42,"percentiles":{"25":4.27,"50":8.63,"75":14.48,"90":23.4,"95":50.26,"99":85.52}},"percentage":{"max":93.1,"min":0,"avg":13.359761904761905,"total":42,"percentiles":{"25":3.26,"50":8.39,"75":13.04,"90":22.51,"95":48.94,"99":93.1}}},"qualscanMetrics":{"Security audit":{"warn":8,"fail":20,"succeed":15},"Dependencies updates":{"succeed":30,"fail":10,"info":3},"Exact version of dependencies":{"succeed":39,"fail":4},"Project's size":{"fail":19,"succeed":24},"Dependencies check":{"fail":36,"succeed":7},"Dependencies size":{"succeed":23,"fail":20},"Require time":{"succeed":36,"fail":7},"Code duplication":{"fail":38,"succeed":4}}}}