{"time":1616552148609,"duration":4443924592433,"metrics":{"general":{"npmsFinal":{"max":0.9829883008363653,"min":0.3782989170141555,"avg":0.7850604453776278,"total":95,"percentiles":{"25":0.6882700281901933,"50":0.8128278511632276,"75":0.8974278812816666,"90":0.921899776333474,"95":0.9439525125948637,"99":0.9829883008363653}},"npmsQuality":{"max":0.9997829744952641,"min":0.1989849939146585,"avg":0.8732838081476639,"total":95,"percentiles":{"25":0.8063986209419247,"50":0.9078805788407075,"75":0.9631038946333915,"90":0.9961363756061857,"95":0.9989269360115905,"99":0.9997829744952641}},"npmsMaintenance":{"max":0.999953958560756,"min":0.15180600714698597,"avg":0.7010837542657505,"total":95,"percentiles":{"25":0.4412441174951339,"50":0.6666666666666666,"75":0.9768316180993946,"90":0.999894531306083,"95":0.9999245554452847,"99":0.999953958560756}},"npmsPopularity":{"max":0.9827989345034446,"min":0.45458189528688725,"avg":0.7934171112580445,"total":95,"percentiles":{"25":0.7277861117080149,"50":0.7992257207002594,"75":0.859429459992878,"90":0.9299817789365311,"95":0.9488082168172596,"99":0.9827989345034446}},"qualscan":{"max":89,"min":0,"avg":46.04210526315789,"total":95,"percentiles":{"25":33,"50":44,"75":56,"90":67,"95":67,"99":89}}},"consumption":{"npm":{"max":17136853.285714287,"min":111582.24,"avg":9425042.904725198,"total":70,"percentiles":{"25":7603148,"50":9434014.214285715,"75":11394350,"90":12679024.291666666,"95":13677450,"99":17136853.285714287}},"host":{"max":27289684,"min":8978704,"avg":15025360.138020962,"total":70,"percentiles":{"25":12761616.666666666,"50":13855863.9,"75":16981391.923076924,"90":18225122.75,"95":19151650.666666668,"99":27289684}}},"Code duplication":{"percentageTokens":{"max":85.51,"min":0,"avg":12.751263157894735,"total":95,"percentiles":{"25":2.91,"50":6.46,"75":14.96,"90":30.09,"95":60.25,"99":85.51}},"percentage":{"max":93.11,"min":0,"avg":11.571157894736842,"total":95,"percentiles":{"25":2.59,"50":6.14,"75":12.72,"90":28.56,"95":49.08,"99":93.11}}},"Security audit":{"critical":{"max":6,"min":0,"avg":0.4,"total":95,"percentiles":{"25":0,"50":0,"75":0,"90":1,"95":2,"99":6}},"high":{"max":245,"min":0,"avg":7.3578947368421055,"total":95,"percentiles":{"25":0,"50":0,"75":2,"90":17,"95":39,"99":245}},"moderate":{"max":25,"min":0,"avg":2.0631578947368423,"total":95,"percentiles":{"25":0,"50":0,"75":1,"90":8,"95":13,"99":25}},"low":{"max":375,"min":0,"avg":25.2,"total":95,"percentiles":{"25":0,"50":0,"75":6,"90":60,"95":171,"99":375}}},"Dependencies updates":{"major":{"max":11,"min":0,"avg":0.8210526315789474,"total":95,"percentiles":{"25":0,"50":0,"75":1,"90":2,"95":6,"99":11}},"minor":{"max":4,"min":0,"avg":0.22105263157894736,"total":95,"percentiles":{"25":0,"50":0,"75":0,"90":1,"95":1,"99":4}},"patch":{"max":3,"min":0,"avg":0.21052631578947367,"total":95,"percentiles":{"25":0,"50":0,"75":0,"90":1,"95":1,"99":3}}},"Exact version of dependencies":{"dependencies":{"max":36,"min":0,"avg":1.1894736842105262,"total":95,"percentiles":{"25":0,"50":0,"75":0,"90":2,"95":9,"99":36}}},"Project's size":{"size":{"max":7447734,"min":0,"avg":264921.15789473685,"total":95,"percentiles":{"25":10346,"50":37457,"75":141523,"90":742421,"95":1341158,"99":7447734}},"unpackedSize":{"max":58849288,"min":0,"avg":1553215.042105263,"total":95,"percentiles":{"25":38093,"50":129799,"75":791549,"90":3774829,"95":6332348,"99":58849288}},"entryCount":{"max":1776,"min":0,"avg":144.2736842105263,"total":95,"percentiles":{"25":10,"50":21,"75":88,"90":395,"95":771,"99":1776}}},"Dependencies check":{"missing":{"max":201,"min":0,"avg":9.663157894736843,"total":95,"percentiles":{"25":0,"50":1,"75":3,"90":17,"95":41,"99":201}},"dependencies":{"max":7,"min":0,"avg":0.4421052631578947,"total":95,"percentiles":{"25":0,"50":0,"75":0,"90":2,"95":2,"99":7}},"devDependencies":{"max":38,"min":0,"avg":9.757894736842106,"total":95,"percentiles":{"25":2,"50":7,"75":17,"90":24,"95":29,"99":38}}},"Dependencies size":{"weight":{"max":25606214,"min":0,"avg":1921184.6105263159,"total":95,"percentiles":{"25":0,"50":148143,"75":2003231,"90":5927691,"95":11298922,"99":25606214}},"dependencies":{"max":325,"min":0,"avg":25.66315789473684,"total":95,"percentiles":{"25":0,"50":4,"75":25,"90":58,"95":114,"99":325}},"directDependencies":{"max":37,"min":0,"avg":5.252631578947368,"total":95,"percentiles":{"25":0,"50":2,"75":6,"90":16,"95":25,"99":37}}},"Require time":{"entrypointTime":{"max":761810930,"min":0,"avg":66465068.72631579,"total":95,"percentiles":{"25":0,"50":6560271,"75":47644000,"90":283285561,"95":420274763,"99":761810930}}},"qualscanMetrics":{"Code duplication":{"fail":87,"succeed":9},"Security audit":{"warn":14,"fail":49,"succeed":33},"Dependencies updates":{"succeed":59,"fail":27,"info":10},"Exact version of dependencies":{"succeed":84,"fail":12},"Project's size":{"fail":57,"succeed":39},"Dependencies check":{"fail":89,"succeed":7},"Dependencies size":{"succeed":79,"fail":17},"Require time":{"succeed":72,"fail":24}}},"machine":{"cpu":{"number":8,"type":{"model":"Intel(R) Core(TM) i7-10510U CPU @ 1.80GHz","speed":2181}},"os":{"platform":"linux","release":"5.8.0-45-generic","version":"#51~20.04.1-Ubuntu SMP Tue Feb 23 13:46:31 UTC 2021"},"memory":{"total":16432738304}},"skippedPackages":{"inquirer":{"killed":false,"code":1,"signal":null,"cmd":"npm install --only=prod"},"babel-core":{"killed":false,"code":1,"signal":null,"cmd":"npm install --only=prod"},"js-yaml":{"code":"ERR_INVALID_ARG_TYPE"},"zone.js":{"killed":false,"code":128,"signal":null,"cmd":"git clone git://github.com/angular/angular"},"babel-preset-es2015":{"errno":-2,"code":"ENOENT","syscall":"spawn /bin/sh","path":"/bin/sh","spawnargs":["-c","npm install --only=prod"],"cmd":"npm install --only=prod"},"babel-polyfill":{"errno":-2,"code":"ENOENT","syscall":"spawn /bin/sh","path":"/bin/sh","spawnargs":["-c","npm install --only=prod"],"cmd":"npm install --only=prod"},"@babel/core":{"killed":false,"code":1,"signal":null,"cmd":"npm install --only=prod"},"@angular/http":{"killed":false,"code":1,"signal":null,"cmd":"npm install --only=prod"},"jest":{"killed":false,"code":1,"signal":null,"cmd":"npm install --only=prod"}},"nbPackages":96}