{"time":1617895236583,"duration":2763424717643,"metrics":{"general":{"npmsFinal":{"max":0.9829883008363653,"min":0.3621165775354584,"avg":0.8057661402984316,"total":93,"percentiles":{"25":0.7469350893330537,"50":0.8211644124186506,"75":0.8969517843753768,"90":0.9167365036316728,"95":0.9485585263134275,"99":0.9829883008363653}},"npmsQuality":{"max":0.9997829744952641,"min":0.1989849939146585,"avg":0.8721883308545668,"total":93,"percentiles":{"25":0.8262545980086244,"50":0.9003979043794126,"75":0.9629784327540121,"90":0.9950622465614993,"95":0.9981850782230715,"99":0.9997829744952641}},"npmsMaintenance":{"max":0.9999836758241172,"min":0.15180600714698597,"avg":0.7364070149551863,"total":93,"percentiles":{"25":0.6154272724401202,"50":0.672121158788791,"75":0.9851949294886929,"90":0.999894531306083,"95":0.9999410146278274,"99":0.9999836758241172}},"npmsPopularity":{"max":0.9832919824411644,"min":0.5203657354263768,"avg":0.8181919594507032,"total":93,"percentiles":{"25":0.7667081451123776,"50":0.8067232880492872,"75":0.8598021983646007,"90":0.9365087420786348,"95":0.9505469658454319,"99":0.9832919824411644}},"qualscan":{"max":89,"min":0,"avg":51.87096774193548,"total":93,"percentiles":{"25":44,"50":56,"75":56,"90":67,"95":78,"99":89}}},"consumption":{"npm":{"max":15070350.42857143,"min":164556.5,"avg":10989075.565341862,"total":81,"percentiles":{"25":9984716.444444444,"50":10968966.166666666,"75":13207672.125,"90":13948293.936875,"95":14330395.888888888,"99":15070350.42857143}},"host":{"max":22793880,"min":4115490,"avg":15254692.889848385,"total":81,"percentiles":{"25":13136773.814814815,"50":14877238.666666666,"75":16816749.111111112,"90":18421288.85714286,"95":19003488.1,"99":22793880}}},"Code duplication":{"percentageTokens":{"max":85.45,"min":0,"avg":13.126559139784948,"total":93,"percentiles":{"25":2.91,"50":7.1,"75":14.96,"90":29.93,"95":60.13,"99":85.45}},"percentage":{"max":93.07,"min":0,"avg":11.859784946236557,"total":93,"percentiles":{"25":2.33,"50":6.14,"75":13.39,"90":28.56,"95":49.08,"99":93.07}}},"Security audit":{"critical":{"max":0,"min":0,"avg":0,"total":93,"percentiles":{"25":0,"50":0,"75":0,"90":0,"95":0,"99":0}},"high":{"max":1,"min":0,"avg":0.021505376344086023,"total":93,"percentiles":{"25":0,"50":0,"75":0,"90":0,"95":0,"99":1}},"moderate":{"max":0,"min":0,"avg":0,"total":93,"percentiles":{"25":0,"50":0,"75":0,"90":0,"95":0,"99":0}},"low":{"max":15,"min":0,"avg":0.16129032258064516,"total":93,"percentiles":{"25":0,"50":0,"75":0,"90":0,"95":0,"99":15}}},"Dependencies updates":{"major":{"max":19,"min":0,"avg":0.9032258064516129,"total":93,"percentiles":{"25":0,"50":0,"75":1,"90":2,"95":5,"99":19}},"minor":{"max":7,"min":0,"avg":0.3118279569892473,"total":93,"percentiles":{"25":0,"50":0,"75":0,"90":1,"95":2,"99":7}},"patch":{"max":8,"min":0,"avg":0.3333333333333333,"total":93,"percentiles":{"25":0,"50":0,"75":0,"90":1,"95":2,"99":8}}},"Exact version of dependencies":{"dependencies":{"max":36,"min":0,"avg":1.064516129032258,"total":93,"percentiles":{"25":0,"50":0,"75":0,"90":2,"95":9,"99":36}}},"Project's size":{"size":{"max":7535745,"min":0,"avg":263535.2580645161,"total":93,"percentiles":{"25":8569,"50":37467,"75":130303,"90":656745,"95":1340935,"99":7535745}},"unpackedSize":{"max":59537804,"min":0,"avg":1571697.6559139786,"total":93,"percentiles":{"25":39508,"50":132118,"75":503786,"90":3778584,"95":8193255,"99":59537804}},"entryCount":{"max":1777,"min":0,"avg":137.30107526881721,"total":93,"percentiles":{"25":11,"50":19,"75":84,"90":376,"95":713,"99":1777}}},"Dependencies check":{"missing":{"max":201,"min":0,"avg":9.376344086021506,"total":93,"percentiles":{"25":0,"50":1,"75":3,"90":17,"95":41,"99":201}},"dependencies":{"max":26,"min":0,"avg":0.7741935483870968,"total":93,"percentiles":{"25":0,"50":0,"75":1,"90":2,"95":3,"99":26}},"devDependencies":{"max":38,"min":0,"avg":9.602150537634408,"total":93,"percentiles":{"25":1,"50":7,"75":17,"90":24,"95":28,"99":38}}},"Dependencies size":{"weight":{"max":390827588,"min":0,"avg":8773664.322580645,"total":93,"percentiles":{"25":0,"50":148143,"75":2161220,"90":6446792,"95":11836656,"99":390827588}},"dependencies":{"max":2126,"min":0,"avg":63.01075268817204,"total":93,"percentiles":{"25":0,"50":4,"75":28,"90":73,"95":194,"99":2126}},"directDependencies":{"max":59,"min":0,"avg":5.795698924731183,"total":93,"percentiles":{"25":0,"50":2,"75":6,"90":16,"95":27,"99":59}}},"Require time":{"entrypointTime":{"max":610637596,"min":0,"avg":55280273.41935484,"total":93,"percentiles":{"25":0,"50":2986546,"75":36666792,"90":204516414,"95":413600169,"99":610637596}}},"qualscanMetrics":{"Code duplication":{"fail":86,"succeed":8},"Security audit":{"succeed":76,"fail":18},"Dependencies updates":{"succeed":57,"fail":26,"info":11},"Exact version of dependencies":{"succeed":83,"fail":11},"Project's size":{"fail":57,"succeed":37},"Dependencies check":{"fail":87,"succeed":7},"Dependencies size":{"succeed":77,"fail":17},"Require time":{"succeed":75,"fail":19}}},"machine":{"cpu":{"number":8,"type":{"model":"Intel(R) Core(TM) i7-10510U CPU @ 1.80GHz","speed":3000}},"os":{"platform":"linux","release":"5.8.0-48-generic","version":"#54~20.04.1-Ubuntu SMP Sat Mar 20 13:40:25 UTC 2021"},"memory":{"total":16432738304}},"skippedPackages":{"uuid":{"killed":false,"code":128,"signal":null,"cmd":"git clone https://github.com/uuidjs/uuid"},"inquirer":{"killed":false,"code":1,"signal":null,"cmd":"npm install --only=prod"},"rxjs":{"killed":false,"code":128,"signal":null,"cmd":"git clone https://github.com/reactivex/rxjs"},"@babel/core":{"killed":false,"code":1,"signal":null,"cmd":"npm install --only=prod"},"styled-components":{"killed":false,"code":1,"signal":null,"cmd":"npm install --only=prod"},"js-yaml":{"code":"ERR_INVALID_ARG_TYPE"},"babel-core":{"killed":false,"code":1,"signal":null,"cmd":"npm install --only=prod"},"zone.js":{"killed":false,"code":128,"signal":null,"cmd":"git clone git://github.com/angular/angular"},"@babel/preset-env":{"killed":false,"code":1,"signal":null,"cmd":"npm install --only=prod"},"jest":{"killed":false,"code":1,"signal":null,"cmd":"npm install --only=prod"},"babel-polyfill":{"errno":-2,"code":"ENOENT","syscall":"spawn /bin/sh","path":"/bin/sh","spawnargs":["-c","npm install --only=prod"],"cmd":"npm install --only=prod"},"cors":{"killed":false,"code":128,"signal":null,"cmd":"git clone https://github.com/expressjs/cors"},"prettier":{"killed":false,"code":1,"signal":null,"cmd":"npm install --only=prod"},"babel-preset-es2015":{"errno":-2,"code":"ENOENT","syscall":"spawn /bin/sh","path":"/bin/sh","spawnargs":["-c","npm install --only=prod"],"cmd":"npm install --only=prod"}},"nbPackages":94}