{"time":1615848446737,"duration":2582190134584,"metrics":{"general":{"npmsFinal":{"max":0.9829883008363653,"min":0.3782989170141555,"avg":0.7811637619430107,"total":95,"percentiles":{"25":0.7006777843713701,"50":0.8148034845515859,"75":0.8974278812816666,"90":0.9156045113659269,"95":0.9372547790761481,"99":0.9829883008363653}},"npmsQuality":{"max":0.9997829744952641,"min":0.1989849939146585,"avg":0.8714183822202333,"total":95,"percentiles":{"25":0.8277118343132662,"50":0.9088785911675146,"75":0.9654687553180948,"90":0.9961363756061857,"95":0.9989269360115905,"99":0.9997829744952641}},"npmsMaintenance":{"max":0.999953958560756,"min":0.15180600714698597,"avg":0.6963431870352653,"total":95,"percentiles":{"25":0.47350825191091517,"50":0.6666666666666666,"75":0.9768316180993946,"90":0.999894531306083,"95":0.9998968056571242,"99":0.999953958560756}},"npmsPopularity":{"max":0.9827989345034446,"min":0.4401308690931689,"avg":0.7886232337559932,"total":95,"percentiles":{"25":0.7342275952007414,"50":0.8017513649881787,"75":0.8637495803552573,"90":0.9299817789365311,"95":0.9488082168172596,"99":0.9827989345034446}},"qualscan":{"max":89,"min":0,"avg":43.31578947368421,"total":95,"percentiles":{"25":33,"50":44,"75":56,"90":67,"95":67,"99":89}}},"consumption":{"npm":{"max":22805947.5,"min":223826.86,"avg":12739314.35508059,"total":95,"percentiles":{"25":10396719.837352943,"50":13457764.9375,"75":16657865.964166665,"90":18897582.953846153,"95":19537463.666666668,"99":22805947.5}},"host":{"max":31427894,"min":3376097,"avg":17188552.164815646,"total":95,"percentiles":{"25":14364251.7,"50":18566373.166666668,"75":21383548.8,"90":25561872,"95":26357584,"99":31427894}}},"Code duplication":{"percentageTokens":{"max":85.47,"min":0,"avg":12.717052631578946,"total":95,"percentiles":{"25":2.9,"50":7.06,"75":16.8,"90":30.09,"95":60.99,"99":85.47}},"percentage":{"max":93.05,"min":0,"avg":11.567157894736846,"total":95,"percentiles":{"25":2.33,"50":6.17,"75":12.8,"90":27.6,"95":49.08,"99":93.05}}},"Security audit":{"critical":{"max":6,"min":0,"avg":0.4105263157894737,"total":95,"percentiles":{"25":0,"50":0,"75":0,"90":2,"95":2,"99":6}},"high":{"max":245,"min":0,"avg":7.189473684210526,"total":95,"percentiles":{"25":0,"50":0,"75":2,"90":17,"95":39,"99":245}},"moderate":{"max":25,"min":0,"avg":2.0105263157894737,"total":95,"percentiles":{"25":0,"50":0,"75":2,"90":8,"95":13,"99":25}},"low":{"max":375,"min":0,"avg":24.694736842105264,"total":95,"percentiles":{"25":0,"50":0,"75":6,"90":60,"95":171,"99":375}}},"Dependencies updates":{"major":{"max":11,"min":0,"avg":0.7684210526315789,"total":95,"percentiles":{"25":0,"50":0,"75":1,"90":2,"95":6,"99":11}},"minor":{"max":4,"min":0,"avg":0.2,"total":95,"percentiles":{"25":0,"50":0,"75":0,"90":1,"95":1,"99":4}},"patch":{"max":3,"min":0,"avg":0.2,"total":95,"percentiles":{"25":0,"50":0,"75":0,"90":1,"95":1,"99":3}}},"Exact version of dependencies":{"dependencies":{"max":36,"min":0,"avg":1.1789473684210525,"total":95,"percentiles":{"25":0,"50":0,"75":0,"90":2,"95":8,"99":36}}},"Project's size":{"size":{"max":10292999,"min":0,"avg":346292.4105263158,"total":95,"percentiles":{"25":11390,"50":38066,"75":141599,"90":655440,"95":1341955,"99":10292999}},"unpackedSize":{"max":58985117,"min":0,"avg":2000947.5263157894,"total":95,"percentiles":{"25":41450,"50":143520,"75":757584,"90":3123549,"95":6304468,"99":58985117}},"entryCount":{"max":1776,"min":0,"avg":142.82105263157894,"total":95,"percentiles":{"25":10,"50":22,"75":88,"90":376,"95":713,"99":1776}}},"Dependencies check":{"missing":{"max":200,"min":0,"avg":9.852631578947369,"total":95,"percentiles":{"25":0,"50":1,"75":4,"90":19,"95":41,"99":200}},"dependencies":{"max":7,"min":0,"avg":0.43157894736842106,"total":95,"percentiles":{"25":0,"50":0,"75":0,"90":2,"95":2,"99":7}},"devDependencies":{"max":29,"min":0,"avg":5.231578947368421,"total":95,"percentiles":{"25":0,"50":2,"75":8,"90":13,"95":22,"99":29}}},"Dependencies size":{"weight":{"max":663343221,"min":0,"avg":121169601.9368421,"total":95,"percentiles":{"25":25675735,"50":88479090,"75":183955743,"90":271838018,"95":364835267,"99":663343221}},"dependencies":{"max":324,"min":0,"avg":25.210526315789473,"total":95,"percentiles":{"25":0,"50":4,"75":25,"90":58,"95":114,"99":324}},"directDependencies":{"max":37,"min":0,"avg":5.178947368421053,"total":95,"percentiles":{"25":0,"50":2,"75":7,"90":16,"95":25,"99":37}}},"Require time":{"entrypointTime":{"max":688144219,"min":0,"avg":79600832.25263157,"total":95,"percentiles":{"25":0,"50":12237341,"75":92527564,"90":245962222,"95":416545302,"99":688144219}}},"qualscanMetrics":{"Code duplication":{"fail":86,"succeed":9},"Security audit":{"warn":14,"fail":48,"succeed":33},"Dependencies updates":{"succeed":62,"fail":25,"info":8},"Exact version of dependencies":{"succeed":83,"fail":12},"Project's size":{"fail":45,"succeed":50},"Dependencies check":{"fail":80,"succeed":15},"Dependencies size":{"succeed":46,"fail":49},"Require time":{"succeed":63,"fail":32}}},"machine":{"cpu":{"number":8,"type":{"model":"Intel(R) Core(TM) i7-10510U CPU @ 1.80GHz","speed":2500}},"os":{"platform":"linux","release":"5.8.0-44-generic","version":"#50~20.04.1-Ubuntu SMP Wed Feb 10 21:07:30 UTC 2021"},"memory":{"total":16432783360}}}