{"time":1616122715972,"duration":2457820482826,"metrics":{"general":{"npmsFinal":{"max":0.9829883008363653,"min":0.3782989170141555,"avg":0.7779403276791615,"total":94,"percentiles":{"25":0.6935958499222619,"50":0.8128278511632276,"75":0.8974278812816666,"90":0.9156045113659269,"95":0.9380624051502908,"99":0.9829883008363653}},"npmsQuality":{"max":0.9997829744952641,"min":0.1989849939146585,"avg":0.8669672237037194,"total":94,"percentiles":{"25":0.8262545980086244,"50":0.9078805788407075,"75":0.9654687553180948,"90":0.9961363756061857,"95":0.9989269360115905,"99":0.9997829744952641}},"npmsMaintenance":{"max":0.999953958560756,"min":0.15180600714698597,"avg":0.6927686693740737,"total":94,"percentiles":{"25":0.4722915988463008,"50":0.6666666666666666,"75":0.9768316180993946,"90":0.999894531306083,"95":0.9998968056571242,"99":0.999953958560756}},"npmsPopularity":{"max":0.9827989345034446,"min":0.45458189528688725,"avg":0.7868032179631981,"total":94,"percentiles":{"25":0.7296671443913786,"50":0.8017513649881787,"75":0.8637495803552573,"90":0.9299817789365311,"95":0.9488082168172596,"99":0.9827989345034446}},"qualscan":{"max":89,"min":0,"avg":45.59574468085106,"total":94,"percentiles":{"25":33,"50":44,"75":56,"90":67,"95":67,"99":89}}},"consumption":{"npm":{"max":12860004,"min":73870.02,"avg":6176538.174620015,"total":94,"percentiles":{"25":4731211.880769231,"50":5664036.5,"75":8902563.5,"90":9636849.041666666,"95":11212242.944444444,"99":12860004}},"host":{"max":19169280.20689655,"min":9665522,"avg":10895606.536897268,"total":94,"percentiles":{"25":11030788,"50":11675687,"75":13069070.2,"90":15681245,"95":16952386.230769232,"99":19169280.20689655}}},"Code duplication":{"percentageTokens":{"max":85.51,"min":0,"avg":12.734574468085105,"total":94,"percentiles":{"25":2.91,"50":6.46,"75":16.94,"90":30.09,"95":60.99,"99":85.51}},"percentage":{"max":93.11,"min":0,"avg":11.561489361702124,"total":94,"percentiles":{"25":2.34,"50":5.98,"75":12.77,"90":28.56,"95":49.08,"99":93.11}}},"Security audit":{"critical":{"max":6,"min":0,"avg":0.40425531914893614,"total":94,"percentiles":{"25":0,"50":0,"75":0,"90":1,"95":2,"99":6}},"high":{"max":245,"min":0,"avg":7.3936170212765955,"total":94,"percentiles":{"25":0,"50":0,"75":2,"90":17,"95":39,"99":245}},"moderate":{"max":25,"min":0,"avg":2.0425531914893615,"total":94,"percentiles":{"25":0,"50":0,"75":2,"90":8,"95":13,"99":25}},"low":{"max":375,"min":0,"avg":25.43617021276596,"total":94,"percentiles":{"25":0,"50":0,"75":8,"90":60,"95":171,"99":375}}},"Dependencies updates":{"major":{"max":11,"min":0,"avg":0.7978723404255319,"total":94,"percentiles":{"25":0,"50":0,"75":1,"90":2,"95":6,"99":11}},"minor":{"max":4,"min":0,"avg":0.22340425531914893,"total":94,"percentiles":{"25":0,"50":0,"75":0,"90":1,"95":1,"99":4}},"patch":{"max":3,"min":0,"avg":0.19148936170212766,"total":94,"percentiles":{"25":0,"50":0,"75":0,"90":1,"95":1,"99":3}}},"Exact version of dependencies":{"dependencies":{"max":36,"min":0,"avg":1.202127659574468,"total":94,"percentiles":{"25":0,"50":0,"75":0,"90":2,"95":9,"99":36}}},"Project's size":{"size":{"max":7444739,"min":0,"avg":266079.6914893617,"total":94,"percentiles":{"25":10555,"50":37711,"75":141660,"90":739790,"95":1341125,"99":7444739}},"unpackedSize":{"max":58833193,"min":0,"avg":1559323.9574468085,"total":94,"percentiles":{"25":39508,"50":129799,"75":806702,"90":3775733,"95":6308456,"99":58833193}},"entryCount":{"max":1776,"min":0,"avg":144.77659574468086,"total":94,"percentiles":{"25":10,"50":21,"75":88,"90":395,"95":763,"99":1776}}},"Dependencies check":{"missing":{"max":200,"min":0,"avg":9.73404255319149,"total":94,"percentiles":{"25":0,"50":1,"75":3,"90":17,"95":41,"99":200}},"dependencies":{"max":7,"min":0,"avg":0.43617021276595747,"total":94,"percentiles":{"25":0,"50":0,"75":0,"90":2,"95":2,"99":7}},"devDependencies":{"max":38,"min":0,"avg":9.808510638297872,"total":94,"percentiles":{"25":2,"50":7,"75":17,"90":24,"95":29,"99":38}}},"Dependencies size":{"weight":{"max":25586664,"min":0,"avg":1927546.6276595744,"total":94,"percentiles":{"25":0,"50":156353,"75":2161220,"90":5927691,"95":11662082,"99":25586664}},"dependencies":{"max":325,"min":0,"avg":25.829787234042552,"total":94,"percentiles":{"25":0,"50":4,"75":28,"90":58,"95":114,"99":325}},"directDependencies":{"max":37,"min":0,"avg":5.276595744680851,"total":94,"percentiles":{"25":0,"50":2,"75":7,"90":16,"95":25,"99":37}}},"Require time":{"entrypointTime":{"max":880168327,"min":0,"avg":84329737.58510639,"total":94,"percentiles":{"25":0,"50":6868939,"75":56103854,"90":347654751,"95":563610569,"99":880168327}}},"qualscanMetrics":{"Code duplication":{"fail":85,"succeed":9},"Security audit":{"warn":14,"fail":47,"succeed":33},"Dependencies updates":{"succeed":60,"fail":26,"info":8},"Exact version of dependencies":{"succeed":82,"fail":12},"Project's size":{"fail":56,"succeed":38},"Dependencies check":{"fail":87,"succeed":7},"Dependencies size":{"succeed":77,"fail":17},"Require time":{"succeed":70,"fail":24}}},"machine":{"cpu":{"number":8,"type":{"model":"Intel(R) Core(TM) i7-10510U CPU @ 1.80GHz","speed":2907}},"os":{"platform":"linux","release":"5.8.0-44-generic","version":"#50~20.04.1-Ubuntu SMP Wed Feb 10 21:07:30 UTC 2021"},"memory":{"total":16432783360}},"skippedPackages":{"inquirer":{"killed":false,"code":1,"signal":null,"cmd":"npm install --only=prod"},"babel-core":{"killed":false,"code":1,"signal":null,"cmd":"npm install --only=prod"},"js-yaml":{"code":"ERR_INVALID_ARG_TYPE"},"zone.js":{"killed":false,"code":128,"signal":null,"cmd":"git clone git://github.com/angular/angular"},"babel-preset-es2015":{"errno":-2,"code":"ENOENT","syscall":"spawn /bin/sh","path":"/bin/sh","spawnargs":["-c","npm install --only=prod"],"cmd":"npm install --only=prod"},"babel-polyfill":{"errno":-2,"code":"ENOENT","syscall":"spawn /bin/sh","path":"/bin/sh","spawnargs":["-c","npm install --only=prod"],"cmd":"npm install --only=prod"},"@babel/core":{"killed":false,"code":1,"signal":null,"cmd":"npm install --only=prod"},"@angular/http":{"killed":false,"code":1,"signal":null,"cmd":"npm install --only=prod"},"jest":{"killed":false,"code":1,"signal":null,"cmd":"npm install --only=prod"}}}