{"time":1614285059747,"duration":1426268766527,"metrics":{"general":{"npmsFinal":{"max":0.982029200150922,"min":0.41383332479151946,"avg":0.8111563807716116,"total":42,"percentiles":{"25":0.7208564244583773,"50":0.8314209645203274,"75":0.9117205721161135,"90":0.9368786198265406,"95":0.9495069635032509,"99":0.982029200150922}},"npmsQuality":{"max":0.9997829744952641,"min":0.1989849939146585,"avg":0.8741125289718226,"total":42,"percentiles":{"25":0.8540986051313582,"50":0.9103394542504248,"75":0.9654687553180948,"90":0.9961363756061857,"95":0.9981850782230715,"99":0.9997829744952641}},"npmsMaintenance":{"max":0.999953958560756,"min":0.1770522412816407,"avg":0.7161941668562603,"total":42,"percentiles":{"25":0.5376780462933463,"50":0.6666666666666666,"75":0.9721923959472736,"90":0.999894531306083,"95":0.999894531306083,"99":0.999953958560756}},"npmsPopularity":{"max":0.9814893485443971,"min":0.5788367282735978,"avg":0.8521561819439244,"total":42,"percentiles":{"25":0.8111625548526579,"50":0.853994889534934,"75":0.9193306446390181,"90":0.9478239841483878,"95":0.9521477923656676,"99":0.9814893485443971}},"qualscan":{"max":78,"min":0,"avg":45.95238095238095,"total":42,"percentiles":{"25":33,"50":44,"75":67,"90":67,"95":67,"99":78}}},"Security audit":{"critical":{"max":6,"min":0,"avg":0.42857142857142855,"total":42,"percentiles":{"25":0,"50":0,"75":0,"90":1,"95":2,"99":6}},"high":{"max":245,"min":0,"avg":11.69047619047619,"total":42,"percentiles":{"25":0,"50":0,"75":2,"90":26,"95":58,"99":245}},"moderate":{"max":23,"min":0,"avg":1.8095238095238095,"total":42,"percentiles":{"25":0,"50":0,"75":1,"90":6,"95":9,"99":23}},"low":{"max":375,"min":0,"avg":23.333333333333332,"total":42,"percentiles":{"25":0,"50":0,"75":10,"90":60,"95":120,"99":375}}},"Dependencies updates":{"major":{"max":5,"min":0,"avg":0.5,"total":42,"percentiles":{"25":0,"50":0,"75":0,"90":2,"95":3,"99":5}},"minor":{"max":4,"min":0,"avg":0.21428571428571427,"total":42,"percentiles":{"25":0,"50":0,"75":0,"90":0,"95":2,"99":4}},"patch":{"max":1,"min":0,"avg":0.14285714285714285,"total":42,"percentiles":{"25":0,"50":0,"75":0,"90":1,"95":1,"99":1}}},"Exact version of dependencies":{"dependencies":{"max":36,"min":0,"avg":1.0952380952380953,"total":42,"percentiles":{"25":0,"50":0,"75":0,"90":0,"95":4,"99":36}}},"Project's size":{"size":{"max":10293716,"min":0,"avg":384879.0238095238,"total":42,"percentiles":{"25":9619,"50":27983,"75":106036,"90":705649,"95":843850,"99":10293716}},"unpackedSize":{"max":58985911,"min":0,"avg":2082739.6904761905,"total":42,"percentiles":{"25":39508,"50":116102,"75":401672,"90":3117319,"95":4338288,"99":58985911}},"entryCount":{"max":713,"min":0,"avg":98.5952380952381,"total":42,"percentiles":{"25":7,"50":17,"75":66,"90":376,"95":536,"99":713}}},"Dependencies check":{"missing":{"max":192,"min":0,"avg":11.69047619047619,"total":42,"percentiles":{"25":0,"50":0,"75":4,"90":13,"95":41,"99":192}},"dependencies":{"max":2,"min":0,"avg":0.21428571428571427,"total":42,"percentiles":{"25":0,"50":0,"75":0,"90":1,"95":2,"99":2}},"devDependencies":{"max":28,"min":0,"avg":6.285714285714286,"total":42,"percentiles":{"25":0,"50":1,"75":12,"90":20,"95":24,"99":28}}},"Dependencies size":{"weight":{"max":663847835,"min":0,"avg":123745776.21428572,"total":42,"percentiles":{"25":26115551,"50":88480720,"75":182005641,"90":245971804,"95":289537663,"99":663847835}},"dependencies":{"max":112,"min":0,"avg":13.214285714285714,"total":42,"percentiles":{"25":0,"50":1,"75":11,"90":46,"95":73,"99":112}},"directDependencies":{"max":37,"min":0,"avg":4.476190476190476,"total":42,"percentiles":{"25":0,"50":1,"75":4,"90":12,"95":23,"99":37}}},"Require time":{"entrypointTime":{"max":405982717,"min":0,"avg":50153558.4047619,"total":42,"percentiles":{"25":1841324,"50":9612913,"75":33154553,"90":148062599,"95":266613954,"99":405982717}}},"Code duplication":{"percentageTokens":{"max":85.52,"min":0,"avg":14.121219512195117,"total":41,"percentiles":{"25":4.27,"50":8.63,"75":14.2,"90":23.4,"95":50.26,"99":85.52}},"percentage":{"max":93.1,"min":0,"avg":13.30219512195122,"total":41,"percentiles":{"25":3.26,"50":8.39,"75":13.04,"90":22.51,"95":48.94,"99":93.1}}},"qualscanMetrics":{"Security audit":{"warn":8,"fail":19,"succeed":15},"Dependencies updates":{"succeed":31,"fail":9,"info":2},"Exact version of dependencies":{"succeed":38,"fail":4},"Project's size":{"fail":19,"succeed":23},"Dependencies check":{"fail":36,"succeed":6},"Dependencies size":{"succeed":22,"fail":20},"Require time":{"succeed":33,"fail":9},"Code duplication":{"fail":37,"succeed":4}}}}