{"time":1617067849419,"duration":2491868674728,"metrics":{"general":{"npmsFinal":{"max":0.9829883008363653,"min":0.3621165775354584,"avg":0.8016472423344714,"total":95,"percentiles":{"25":0.7331560695344073,"50":0.823184747941415,"75":0.8985835798091479,"90":0.9249268698084716,"95":0.9485310579597865,"99":0.9829883008363653}},"npmsQuality":{"max":0.9997829744952641,"min":0.1989849939146585,"avg":0.8740147052034524,"total":95,"percentiles":{"25":0.8262545980086244,"50":0.9078805788407075,"75":0.9631038946333915,"90":0.9975871570044483,"95":0.9993255492678991,"99":0.9997829744952641}},"npmsMaintenance":{"max":0.9999836758241172,"min":0.15180600714698597,"avg":0.7289612290761387,"total":95,"percentiles":{"25":0.47350825191091517,"50":0.7173301334912949,"75":0.9838438693354961,"90":0.999894531306083,"95":0.9999410201853101,"99":0.9999836758241172}},"npmsPopularity":{"max":0.9832919824411644,"min":0.5200712651426547,"avg":0.8123040017051053,"total":95,"percentiles":{"25":0.7570250255691302,"50":0.8053921383440608,"75":0.8623143673405107,"90":0.9361511949083305,"95":0.9505469658454319,"99":0.9832919824411644}},"qualscan":{"max":89,"min":0,"avg":47.26315789473684,"total":95,"percentiles":{"25":33,"50":44,"75":56,"90":67,"95":67,"99":89}}},"consumption":{"npm":{"max":20285008.583333332,"min":373448.2,"avg":12308461.362562468,"total":87,"percentiles":{"25":10049260.285714285,"50":12956852.905652173,"75":14794808.268292682,"90":16650108.6,"95":18372237.444444444,"99":20285008.583333332}},"host":{"max":21825089.333333332,"min":1647541.75,"avg":14804164.583270032,"total":87,"percentiles":{"25":12853468.923076924,"50":14955246,"75":15882003.125,"90":18899368,"95":20322639.962962963,"99":21825089.333333332}}},"Code duplication":{"percentageTokens":{"max":85.49,"min":0,"avg":13.25157894736842,"total":95,"percentiles":{"25":2.91,"50":7.52,"75":17.01,"90":29.92,"95":60.19,"99":85.49}},"percentage":{"max":93.09,"min":0,"avg":11.982526315789473,"total":95,"percentiles":{"25":2.33,"50":6.68,"75":13.39,"90":28.56,"95":49.08,"99":93.09}}},"Security audit":{"critical":{"max":6,"min":0,"avg":0.3473684210526316,"total":95,"percentiles":{"25":0,"50":0,"75":0,"90":1,"95":2,"99":6}},"high":{"max":391,"min":0,"avg":12.421052631578947,"total":95,"percentiles":{"25":0,"50":0,"75":3,"90":26,"95":57,"99":391}},"moderate":{"max":31,"min":0,"avg":2.0736842105263156,"total":95,"percentiles":{"25":0,"50":0,"75":1,"90":8,"95":15,"99":31}},"low":{"max":925,"min":0,"avg":29.326315789473686,"total":95,"percentiles":{"25":0,"50":0,"75":5,"90":49,"95":126,"99":925}}},"Dependencies updates":{"major":{"max":19,"min":0,"avg":0.8736842105263158,"total":95,"percentiles":{"25":0,"50":0,"75":1,"90":2,"95":5,"99":19}},"minor":{"max":7,"min":0,"avg":0.30526315789473685,"total":95,"percentiles":{"25":0,"50":0,"75":0,"90":1,"95":2,"99":7}},"patch":{"max":6,"min":0,"avg":0.28421052631578947,"total":95,"percentiles":{"25":0,"50":0,"75":0,"90":1,"95":1,"99":6}}},"Exact version of dependencies":{"dependencies":{"max":36,"min":0,"avg":1.0421052631578946,"total":95,"percentiles":{"25":0,"50":0,"75":0,"90":2,"95":9,"99":36}}},"Project's size":{"size":{"max":7468194,"min":0,"avg":265050.9684210526,"total":95,"percentiles":{"25":9839,"50":39349,"75":141183,"90":656631,"95":1340926,"99":7468194}},"unpackedSize":{"max":59008856,"min":0,"avg":1565315.5368421052,"total":95,"percentiles":{"25":38525,"50":150818,"75":747797,"90":3774012,"95":8194226,"99":59008856}},"entryCount":{"max":1777,"min":0,"avg":142.09473684210528,"total":95,"percentiles":{"25":10,"50":21,"75":116,"90":376,"95":713,"99":1777}}},"Dependencies check":{"missing":{"max":201,"min":0,"avg":9.347368421052632,"total":95,"percentiles":{"25":0,"50":1,"75":3,"90":17,"95":41,"99":201}},"dependencies":{"max":26,"min":0,"avg":0.7684210526315789,"total":95,"percentiles":{"25":0,"50":0,"75":1,"90":2,"95":3,"99":26}},"devDependencies":{"max":38,"min":0,"avg":9.894736842105264,"total":95,"percentiles":{"25":2,"50":7,"75":17,"90":24,"95":30,"99":38}}},"Dependencies size":{"weight":{"max":390782628,"min":0,"avg":8600935.557894737,"total":95,"percentiles":{"25":0,"50":92581,"75":2003231,"90":6442923,"95":11831051,"99":390782628}},"dependencies":{"max":2128,"min":0,"avg":61.65263157894737,"total":95,"percentiles":{"25":0,"50":3,"75":25,"90":73,"95":194,"99":2128}},"directDependencies":{"max":59,"min":0,"avg":5.71578947368421,"total":95,"percentiles":{"25":0,"50":2,"75":6,"90":16,"95":29,"99":59}}},"Require time":{"entrypointTime":{"max":535998363,"min":0,"avg":46731307.82105263,"total":95,"percentiles":{"25":0,"50":2485120,"75":29691160,"90":204140634,"95":313318053,"99":535998363}}},"qualscanMetrics":{"Code duplication":{"fail":88,"succeed":8},"Security audit":{"warn":6,"succeed":36,"fail":54},"Dependencies updates":{"succeed":61,"fail":25,"info":10},"Exact version of dependencies":{"succeed":85,"fail":11},"Project's size":{"fail":58,"succeed":38},"Dependencies check":{"fail":90,"succeed":6},"Dependencies size":{"succeed":79,"fail":17},"Require time":{"succeed":79,"fail":17}}},"machine":{"cpu":{"number":8,"type":{"model":"Intel(R) Core(TM) i7-10510U CPU @ 1.80GHz","speed":2442}},"os":{"platform":"linux","release":"5.8.0-45-generic","version":"#51~20.04.1-Ubuntu SMP Tue Feb 23 13:46:31 UTC 2021"},"memory":{"total":16432738304}},"skippedPackages":{"inquirer":{"killed":false,"code":1,"signal":null,"cmd":"npm install --only=prod"},"rimraf":{"killed":false,"code":128,"signal":null,"cmd":"git clone git://github.com/isaacs/rimraf"},"@babel/core":{"killed":false,"code":1,"signal":null,"cmd":"npm install --only=prod"},"styled-components":{"killed":false,"code":1,"signal":null,"cmd":"npm install --only=prod"},"js-yaml":{"code":"ERR_INVALID_ARG_TYPE"},"babel-core":{"killed":false,"code":1,"signal":null,"cmd":"npm install --only=prod"},"zone.js":{"killed":false,"code":128,"signal":null,"cmd":"git clone git://github.com/angular/angular"},"@babel/preset-env":{"killed":false,"code":1,"signal":null,"cmd":"npm install --only=prod"},"jest":{"killed":false,"code":1,"signal":null,"cmd":"npm install --only=prod"},"babel-polyfill":{"errno":-2,"code":"ENOENT","syscall":"spawn /bin/sh","path":"/bin/sh","spawnargs":["-c","npm install --only=prod"],"cmd":"npm install --only=prod"},"prettier":{"killed":false,"code":1,"signal":null,"cmd":"npm install --only=prod"},"babel-preset-es2015":{"errno":-2,"code":"ENOENT","syscall":"spawn /bin/sh","path":"/bin/sh","spawnargs":["-c","npm install --only=prod"],"cmd":"npm install --only=prod"}},"nbPackages":96}